{"cameraMode":{"drawMode":0,"name":"Shaded","section":"Shading Mode"},"sceneLighting":true,"audioPlay":false,"sceneViewState":{"m_AlwaysRefresh":false,"showFog":true,"showSkybox":true,"showFlares":true,"showImageEffects":true,"showParticleSystems":true,"showVisualEffectGraphs":true,"m_FxEnabled":true},"in2DMode":false,"pivot":{"x":0.9472943544387817,"y":1.3960983753204346,"z":-3.1919105052948},"rotation":{"x":-0.19925618171691895,"y":0.06196381151676178,"z":-0.012826797552406788,"w":-0.9780164957046509},"size":0.5660253763198853,"orthographic":false}