{"cameraMode":{"drawMode":2,"name":"Shaded Wireframe","section":"Shading Mode"},"sceneLighting":true,"audioPlay":false,"sceneViewState":{"m_AlwaysRefresh":false,"showFog":true,"showSkybox":true,"showFlares":true,"showImageEffects":true,"showParticleSystems":true,"showVisualEffectGraphs":true,"m_FxEnabled":true},"in2DMode":false,"pivot":{"x":0.7680408358573914,"y":0.6256090402603149,"z":0.24393725395202638},"rotation":{"x":0.3986772894859314,"y":0.22910843789577485,"z":-0.10352183133363724,"w":0.8820552229881287},"size":1.1492586135864258,"orthographic":false}