{"cameraMode":{"drawMode":2,"name":"Shaded Wireframe","section":"Shading Mode"},"sceneLighting":true,"audioPlay":false,"sceneViewState":{"m_AlwaysRefresh":false,"showFog":true,"showSkybox":true,"showFlares":true,"showImageEffects":true,"showParticleSystems":true,"showVisualEffectGraphs":true,"m_FxEnabled":true},"in2DMode":false,"pivot":{"x":-0.5304262042045593,"y":8.309889793395996,"z":13.952773094177246},"rotation":{"x":0.005915693007409573,"y":-0.7928707003593445,"z":0.6096476316452026,"w":0.0075510405004024509},"size":8.545919418334961,"orthographic":false}