{"cameraMode":{"drawMode":0,"name":"Shaded","section":"Shading Mode"},"sceneLighting":true,"audioPlay":false,"sceneViewState":{"m_AlwaysRefresh":false,"showFog":true,"showSkybox":true,"showFlares":true,"showImageEffects":true,"showParticleSystems":true,"showVisualEffectGraphs":true,"m_FxEnabled":true},"in2DMode":false,"pivot":{"x":60.37580871582031,"y":81.3711929321289,"z":-24.679283142089845},"rotation":{"x":0.003087348770350218,"y":0.9582449197769165,"z":-0.28575393557548525,"w":0.010350249707698822},"size":9.203920364379883,"orthographic":false}